{"Forward": -0.36876505613327026, "Strafe": 0.5965057611465454, "Jump": 1.0, "Attack": -0.6484836935997009}