{"Forward": -1.0, "Strafe": -0.558861255645752, "Jump": 0.6103708744049072, "Attack": -0.2793310880661011, "Sprint": 0.009099099785089493}