{"Forward": 1.0, "Strafe": 0.6414311528205872, "Jump": 0.7376691699028015, "Attack": 0.29051798582077026, "Sprint": 0.9518000483512878}