{"Forward": -0.9021886587142944, "Strafe": 0.8759515285491943, "Jump": -1.0, "Attack": -0.41342461109161377, "Sprint": 1.0}