{"Forward": 1.0, "Strafe": -0.3980288803577423, "Jump": 0.5475989580154419, "Attack": -0.920195460319519, "Sprint": 0.5258657336235046}