{"Forward": 0.15313412249088287, "Strafe": 0.5228886604309082, "Jump": -1.0, "Attack": -0.20029859244823456, "Sprint": -0.2586217522621155}