{"Forward": -0.10214532166719437, "Strafe": -0.20818321406841278, "Jump": 0.12135957181453705, "Attack": -0.5306603908538818}