{"Forward": -0.6388558149337769, "Strafe": -0.29207339882850647, "Jump": 0.9160394072532654, "Attack": -0.434867262840271, "Sprint": -0.2913167476654053}