{"Forward": -0.8157667517662048, "Strafe": 0.13735699653625488, "Jump": -0.35831984877586365, "Attack": 0.3987502455711365, "Sprint": 0.1879425346851349}