{"Forward": 0.10780437290668488, "Strafe": 0.36286020278930664, "Jump": 0.3115508556365967, "Attack": 0.09368841350078583, "Sprint": 0.16585004329681396}