{"Forward": 0.8567026853561401, "Strafe": -0.6577911376953125, "Jump": 1.0, "Attack": 0.10933661460876465, "Sprint": 0.5425025820732117}