{"Forward": 0.800674557685852, "Strafe": -0.5429742932319641, "Jump": -1.0, "Attack": -1.0, "Sprint": 0.6076431274414062}